org,time
441469,2024-12-03 10:00
448841,2024-12-03 10:00
455580,2024-12-03 10:00
444321,2024-12-03 10:00
443081,2024-12-03 10:00
453162,2024-12-03 10:00
447008,2024-12-03 10:00
452082,2024-12-03 10:00
455237,2024-12-03 10:00
438481,2024-12-03 10:00
455760,2024-12-03 10:00
437286,2024-12-03 10:00
436268,2024-12-03 10:00
91,2024-12-03 10:00
452976,2024-12-03 10:00
451971,2024-12-03 10:00
445613,2024-12-03 10:00
451937,2024-12-03 10:00
451945,2024-12-03 10:00
829,2024-12-03 10:00
447879,2024-12-03 10:00
454126,2024-12-03 10:00
443689,2024-12-03 10:00
441502,2024-12-03 10:00
31794,2024-12-03 10:00
455182,2024-12-03 10:00
452994,2024-12-03 10:00
446637,2024-12-03 10:00
455224,2024-12-03 10:00
455884,2024-12-03 10:00
454805,2024-12-03 10:00
452226,2024-12-03 10:00
446168,2024-12-03 10:00
442041,2024-12-03 10:00
448868,2024-12-03 10:00
448658,2024-12-03 10:00
690,2024-12-03 10:00
38910,2024-12-03 10:00
447749,2024-12-03 10:00
452205,2024-12-03 10:00
450782,2024-12-03 10:00
734,2024-12-03 10:00
450992,2024-12-03 10:00
449736,2024-12-03 10:00
447214,2024-12-03 10:00
430193,2024-12-03 10:00
452076,2024-12-03 10:00
455544,2024-12-03 10:00
428086,2024-12-03 10:00
41972,2024-12-03 10:00
455021,2024-12-03 10:00
455624,2024-12-03 10:00
452206,2024-12-03 10:00
454627,2024-12-03 10:00
448068,2024-12-03 10:00
443266,2024-12-03 10:00
453124,2024-12-03 10:00
451120,2024-12-03 10:00
451978,2024-12-03 10:00
449011,2024-12-03 10:00
452923,2024-12-03 10:00
455675,2024-12-03 10:00
453504,2024-12-03 10:00
453883,2024-12-03 10:00
451425,2024-12-03 10:00
454039,2024-12-03 10:00
453989,2024-12-03 10:00
452284,2024-12-03 10:00
454763,2024-12-03 10:00
452773,2024-12-03 10:00
453609,2024-12-03 10:00
451763,2024-12-03 10:00
449050,2024-12-03 10:00
452339,2024-12-03 10:00
453947,2024-12-03 10:00
443851,2024-12-03 10:00
454760,2024-12-03 10:00
163843,2024-12-03 10:00
455973,2024-12-03 10:00
452726,2024-12-03 10:00
444394,2024-12-03 10:00
1214,2024-12-03 10:00
452995,2024-12-03 10:00
438316,2024-12-03 10:00
453603,2024-12-03 10:00
452375,2024-12-03 10:00
452753,2024-12-03 10:00
454555,2024-12-03 10:00
451062,2024-12-03 10:00
450391,2024-12-03 10:00
444280,2024-12-03 10:00
427050,2024-12-03 10:00
450467,2024-12-03 10:00
452817,2024-12-03 10:00
443040,2024-12-03 10:00
446577,2024-12-03 10:00
6,2024-12-03 10:00
441770,2024-12-03 10:00
443156,2024-12-03 10:00
451861,2024-12-03 10:00
445672,2024-12-03 10:00
448780,2024-12-03 10:00
450632,2024-12-03 10:00
444368,2024-12-03 10:00
443249,2024-12-03 10:00
451008,2024-12-03 10:00
452241,2024-12-03 10:00
249859,2024-12-03 10:00
444359,2024-12-03 10:00
452174,2024-12-03 10:00
438342,2024-12-03 10:00
454129,2024-12-03 10:00
453917,2024-12-03 10:00
454052,2024-12-03 10:00
448980,2024-12-03 10:00
452610,2024-12-03 10:00
447128,2024-12-03 10:00
451360,2024-12-03 10:00
451596,2024-12-03 10:00
454457,2024-12-03 10:00
451742,2024-12-03 10:00
449431,2024-12-03 10:00
453924,2024-12-03 10:00
446190,2024-12-03 10:00
449694,2024-12-03 10:00
441716,2024-12-03 10:00
442859,2024-12-03 10:00
454669,2024-12-03 10:00
455341,2024-12-03 10:00
438503,2024-12-03 10:00
449556,2024-12-03 10:00
452073,2024-12-03 10:00
453370,2024-12-03 10:00
453734,2024-12-03 10:00
28646,2024-12-03 10:00
444802,2024-12-03 10:00
443716,2024-12-03 10:00
166917,2024-12-03 10:00
45063,2024-12-03 10:00
442692,2024-12-03 10:00
441527,2024-12-03 10:00
449752,2024-12-03 10:00
454803,2024-12-03 10:00
448572,2024-12-03 10:00
447556,2024-12-03 10:00
450485,2024-12-03 10:00
441470,2024-12-03 10:00
446090,2024-12-03 10:00
455131,2024-12-03 10:00
454914,2024-12-03 10:00
447575,2024-12-03 10:00
451116,2024-12-03 10:00
454372,2024-12-03 10:00
1450,2024-12-03 10:00
452807,2024-12-03 10:00
453380,2024-12-03 10:00
453881,2024-12-03 10:00
437303,2024-12-03 10:00
451843,2024-12-03 10:00
15284,2024-12-03 10:00
453175,2024-12-03 10:00
444930,2024-12-03 10:00
448755,2024-12-03 10:00
445003,2024-12-03 10:00
452438,2024-12-03 10:00
450656,2024-12-03 10:00
444240,2024-12-03 10:00
452884,2024-12-03 10:00
447481,2024-12-03 10:00
445585,2024-12-03 10:00
452418,2024-12-03 10:00
452929,2024-12-03 10:00
449344,2024-12-03 10:00
445518,2024-12-03 10:00
447218,2024-12-03 10:00
447731,2024-12-03 10:00
441726,2024-12-03 10:00
31810,2024-12-03 10:00
446043,2024-12-03 10:00
444641,2024-12-03 10:00
144388,2024-12-03 10:00
445107,2024-12-03 10:00
450092,2024-12-03 10:00
452305,2024-12-03 10:00
453918,2024-12-03 10:00
453325,2024-12-03 10:00
442481,2024-12-03 10:00
452667,2024-12-03 10:00
444364,2024-12-03 10:00
451776,2024-12-03 10:00
452437,2024-12-03 10:00
452442,2024-12-03 10:00
453882,2024-12-03 10:00
454674,2024-12-03 10:00
455162,2024-12-03 10:00
455209,2024-12-03 10:00
448359,2024-12-03 10:00
454469,2024-12-03 10:00
448979,2024-12-03 10:00
447055,2024-12-03 10:00
461,2024-12-03 10:00
445471,2024-12-03 10:00
45064,2024-12-03 10:00
441533,2024-12-03 10:00
454801,2024-12-03 10:00
31764,2024-12-03 10:00
443682,2024-12-03 10:00
451801,2024-12-03 10:00
453284,2024-12-03 10:00
833,2024-12-03 10:00
1420,2024-12-03 10:00
453332,2024-12-03 10:00
31762,2024-12-03 10:00
445162,2024-12-03 10:00
451701,2024-12-03 10:00
285700,2024-12-03 10:00
452882,2024-12-03 10:00
455038,2024-12-03 10:00
1063,2024-12-03 10:00
441969,2024-12-03 10:00
72707,2024-12-03 10:00
447535,2024-12-03 10:00
444665,2024-12-03 10:00
454562,2024-12-03 10:00
452049,2024-12-03 10:00
453659,2024-12-03 10:00
449950,2024-12-03 10:00
448584,2024-12-03 10:00
438392,2024-12-03 10:00
447050,2024-12-03 10:00
62467,2024-12-03 10:00
453692,2024-12-03 10:00
1769,2024-12-03 10:00
446661,2024-12-03 10:00
445601,2024-12-03 10:00
452562,2024-12-03 10:00
448007,2024-12-03 10:00
455615,2024-12-03 10:00
442130,2024-12-03 10:00
441875,2024-12-03 10:00
450723,2024-12-03 10:00
455836,2024-12-03 10:00
445517,2024-12-03 10:00
455153,2024-12-03 10:00
453908,2024-12-03 10:00
451595,2024-12-03 10:00
444851,2024-12-03 10:00
453459,2024-12-03 10:00
454424,2024-12-03 10:00
448604,2024-12-03 10:00
452824,2024-12-03 10:00
446399,2024-12-03 10:00
668,2024-12-03 10:00
455168,2024-12-03 10:00
445561,2024-12-03 10:00
452521,2024-12-03 10:00
441621,2024-12-03 10:00
455708,2024-12-03 10:00
444218,2024-12-03 10:00
452038,2024-12-03 10:00
438373,2024-12-03 10:00
455255,2024-12-03 10:00
453158,2024-12-03 10:00
451838,2024-12-03 10:00
446862,2024-12-03 10:00
453766,2024-12-03 10:00
412676,2024-12-03 10:00
452843,2024-12-03 10:00
92165,2024-12-03 10:00
453411,2024-12-03 10:00
9154,2024-12-03 10:00
455415,2024-12-03 10:00
451685,2024-12-03 10:00
445570,2024-12-03 10:00
454609,2024-12-03 10:00
449544,2024-12-03 10:00
452402,2024-12-03 10:00
449329,2024-12-03 10:00
452990,2024-12-03 10:00
444980,2024-12-03 10:00
447979,2024-12-03 10:00
445794,2024-12-03 10:00
443764,2024-12-03 10:00
453535,2024-12-03 10:00
450424,2024-12-03 10:00
451850,2024-12-03 10:00
448676,2024-12-03 10:00
444689,2024-12-03 10:00
449401,2024-12-03 10:00
449349,2024-12-03 10:00
445684,2024-12-03 10:00
448798,2024-12-03 10:00
444483,2024-12-03 10:00
445659,2024-12-03 10:00
449883,2024-12-03 10:00
454319,2024-12-03 10:00
452357,2024-12-03 10:00
454864,2024-12-03 10:00
453596,2024-12-03 10:00
455734,2024-12-03 10:00
453951,2024-12-03 10:00
451436,2024-12-03 10:00
454033,2024-12-03 10:00
443078,2024-12-03 10:00
445692,2024-12-03 10:00
442141,2024-12-03 10:00
452363,2024-12-03 10:00
451536,2024-12-03 10:00
454978,2024-12-03 10:00
455706,2024-12-03 10:00
238595,2024-12-03 10:00
445935,2024-12-03 10:00
452879,2024-12-03 10:00
444149,2024-12-03 10:00
449241,2024-12-03 10:00
450927,2024-12-03 10:00
442083,2024-12-03 10:00
453070,2024-12-03 10:00
446918,2024-12-03 10:00
40962,2024-12-03 10:00
826,2024-12-03 10:00
455318,2024-12-03 10:00
441693,2024-12-03 10:00
452893,2024-12-03 10:00
442335,2024-12-03 10:00
444418,2024-12-03 10:00
453401,2024-12-03 10:00
437302,2024-12-03 10:00
452470,2024-12-03 10:00
441482,2024-12-03 10:00
446572,2024-12-03 10:00
454139,2024-12-03 10:00
452506,2024-12-03 10:00
455396,2024-12-03 10:00
799,2024-12-03 10:00
445701,2024-12-03 10:00
452732,2024-12-03 10:00
441535,2024-12-03 10:00
443227,2024-12-03 10:00
439344,2024-12-03 10:00
455476,2024-12-03 10:00
445084,2024-12-03 10:00
453026,2024-12-03 10:00
444416,2024-12-03 10:00
444086,2024-12-03 10:00
454359,2024-12-03 10:00
449373,2024-12-03 10:00
447840,2024-12-03 10:00
447953,2024-12-03 10:00
455248,2024-12-03 10:00
444028,2024-12-03 10:00
449364,2024-12-03 10:00
162819,2024-12-03 10:00
451147,2024-12-03 10:00
444051,2024-12-03 10:00
453041,2024-12-03 10:00
455284,2024-12-03 10:00
454030,2024-12-03 10:00
455319,2024-12-03 10:00
430165,2024-12-03 10:00
600,2024-12-03 10:00
446987,2024-12-03 10:00
451370,2024-12-03 10:00
451899,2024-12-03 10:00
451452,2024-12-03 10:00
437262,2024-12-03 10:00
8153,2024-12-03 10:00
452094,2024-12-03 10:00
452342,2024-12-03 10:00
451738,2024-12-03 10:00
452317,2024-12-03 10:00
452777,2024-12-03 10:00
455540,2024-12-03 10:00
445504,2024-12-03 10:00
451949,2024-12-03 10:00
455002,2024-12-03 10:00
430096,2024-12-03 10:00
451021,2024-12-03 10:00
445448,2024-12-03 10:00
450751,2024-12-03 10:00
442363,2024-12-03 10:00
200707,2024-12-03 10:00
452695,2024-12-03 10:00
446888,2024-12-03 10:00
452382,2024-12-03 10:00
451681,2024-12-03 10:00
949,2024-12-03 10:00
454595,2024-12-03 10:00
441463,2024-12-03 10:00
451473,2024-12-03 10:00
449201,2024-12-03 10:00
454981,2024-12-03 10:00
428047,2024-12-03 10:00
443541,2024-12-03 10:00
34791,2024-12-03 10:00
443240,2024-12-03 10:00
453776,2024-12-03 10:00
451434,2024-12-03 10:00
453849,2024-12-03 10:00
451430,2024-12-03 10:00
454593,2024-12-03 10:00
442254,2024-12-03 10:00
450865,2024-12-03 10:00
443483,2024-12-03 10:00
452577,2024-12-03 10:00
442709,2024-12-03 10:00
455761,2024-12-03 10:00
848,2024-12-03 10:00
452141,2024-12-03 10:00
454479,2024-12-03 10:00
445680,2024-12-03 10:00
445311,2024-12-03 10:00
450996,2024-12-03 10:00
443119,2024-12-03 10:00
453834,2024-12-03 10:00
453631,2024-12-03 10:00
455260,2024-12-03 10:00
438295,2024-12-03 10:00
453223,2024-12-03 10:00
453180,2024-12-03 10:00
446441,2024-12-03 10:00
449976,2024-12-03 10:00
441721,2024-12-03 10:00
452775,2024-12-03 10:00
453316,2024-12-03 10:00
20432,2024-12-03 10:00
444188,2024-12-03 10:00
445338,2024-12-03 10:00
451820,2024-12-03 10:00
442224,2024-12-03 10:00
450329,2024-12-03 10:00
453078,2024-12-03 10:00
442238,2024-12-03 10:00
453724,2024-12-03 10:00
454286,2024-12-03 10:00
451979,2024-12-03 10:00
120836,2024-12-03 10:00
442759,2024-12-03 10:00
440,2024-12-03 10:00
449954,2024-12-03 10:00
452950,2024-12-03 10:00
453701,2024-12-03 10:00
447964,2024-12-03 10:00
453821,2024-12-03 10:00
455113,2024-12-03 10:00
455019,2024-12-03 10:00
442407,2024-12-03 10:00
451018,2024-12-03 10:00
454900,2024-12-03 10:00
453055,2024-12-03 10:00
442106,2024-12-03 10:00
453321,2024-12-03 10:00
447262,2024-12-03 10:00
454863,2024-12-03 10:00
452153,2024-12-03 10:00
447216,2024-12-03 10:00
443771,2024-12-03 10:00
454620,2024-12-03 10:00
443280,2024-12-03 10:00
447209,2024-12-03 10:00
449462,2024-12-03 10:00
447765,2024-12-03 10:00
445906,2024-12-03 10:00
452261,2024-12-03 10:00
388099,2024-12-03 10:00
448670,2024-12-03 10:00
446585,2024-12-03 10:00
1747,2024-12-03 10:00
451686,2024-12-03 10:00
446782,2024-12-03 10:00
452566,2024-12-03 10:00
452955,2024-12-03 10:00
443744,2024-12-03 10:00
444836,2024-12-03 10:00
450969,2024-12-03 10:00
442811,2024-12-03 10:00
450208,2024-12-03 10:00
421,2024-12-03 10:00
451980,2024-12-03 10:00
454386,2024-12-03 10:00
454699,2024-12-03 10:00
451248,2024-12-03 10:00
450479,2024-12-03 10:00
225284,2024-12-03 10:00
448546,2024-12-03 10:00
452550,2024-12-03 10:00
443277,2024-12-03 10:00
450296,2024-12-03 10:00
32746,2024-12-03 10:00
444139,2024-12-03 10:00
451300,2024-12-03 10:00
453974,2024-12-03 10:00
453546,2024-12-03 10:00
442886,2024-12-03 10:00
447832,2024-12-03 10:00
447063,2024-12-03 10:00
454122,2024-12-03 10:00
442548,2024-12-03 10:00
452598,2024-12-03 10:00
445267,2024-12-03 10:00
443135,2024-12-03 10:00
444987,2024-12-03 10:00
451671,2024-12-03 10:00
443173,2024-12-03 10:00
427030,2024-12-03 10:00
445179,2024-12-03 10:00
437283,2024-12-03 10:00
444266,2024-12-03 10:00
988,2024-12-03 10:00
452688,2024-12-03 10:00
451593,2024-12-03 10:00
449132,2024-12-03 10:00
438344,2024-12-03 10:00
432139,2024-12-03 10:00
449696,2024-12-03 10:00
445091,2024-12-03 10:00
445027,2024-12-03 10:00
453088,2024-12-03 10:00
441727,2024-12-03 10:00
447153,2024-12-03 10:00
426017,2024-12-03 10:00
448948,2024-12-03 10:00
454706,2024-12-03 10:00
450728,2024-12-03 10:00
439338,2024-12-03 10:00
455485,2024-12-03 10:00
446161,2024-12-03 10:00
452718,2024-12-03 10:00
438308,2024-12-03 10:00
6064,2024-12-03 10:00
443811,2024-12-03 10:00
446576,2024-12-03 10:00
451732,2024-12-03 10:00
455279,2024-12-03 10:00
454312,2024-12-03 10:00
444454,2024-12-03 10:00
442870,2024-12-03 10:00
454578,2024-12-03 10:00
453267,2024-12-03 10:00
447778,2024-12-03 10:00
284677,2024-12-03 10:00
450549,2024-12-03 10:00
455625,2024-12-03 10:00
453825,2024-12-03 10:00
448421,2024-12-03 10:00
425995,2024-12-03 10:00
553,2024-12-03 10:00
446554,2024-12-03 10:00
450171,2024-12-03 10:00
453571,2024-12-03 10:00
455031,2024-12-03 10:00
455549,2024-12-03 10:00
444842,2024-12-03 10:00
453231,2024-12-03 10:00
451635,2024-12-03 10:00
453178,2024-12-03 10:00
450339,2024-12-03 10:00
446202,2024-12-03 10:00
454308,2024-12-03 10:00
116739,2024-12-03 10:00
454759,2024-12-03 10:00
447245,2024-12-03 10:00
455599,2024-12-03 10:00
453907,2024-12-03 10:00
452651,2024-12-03 10:00
425990,2024-12-03 10:00
443073,2024-12-03 10:00
450086,2024-12-03 10:00
441395,2024-12-03 10:00
443860,2024-12-03 10:00
449475,2024-12-03 10:00
450796,2024-12-03 10:00
453492,2024-12-03 10:00
443258,2024-12-03 10:00
454734,2024-12-03 10:00
450236,2024-12-03 10:00
453736,2024-12-03 10:00
286,2024-12-03 10:00
450827,2024-12-03 10:00
443972,2024-12-03 10:00
453001,2024-12-03 10:00
438489,2024-12-03 10:00
364,2024-12-03 10:00
450287,2024-12-03 10:00
448929,2024-12-03 10:00
480,2024-12-03 10:00
447126,2024-12-03 10:00
452376,2024-12-03 10:00
455970,2024-12-03 10:00
444124,2024-12-03 10:00
453361,2024-12-03 10:00
449679,2024-12-03 10:00
451602,2024-12-03 10:00
444500,2024-12-03 10:00
451607,2024-12-03 10:00
454313,2024-12-03 10:00
453443,2024-12-03 10:00
453889,2024-12-03 10:00
452229,2024-12-03 10:00
452801,2024-12-03 10:00
455413,2024-12-03 10:00
449202,2024-12-03 10:00
453530,2024-12-03 10:00
450617,2024-12-03 10:00
447355,2024-12-03 10:00
443707,2024-12-03 10:00
455103,2024-12-03 10:00
451680,2024-12-03 10:00
444630,2024-12-03 10:00
442462,2024-12-03 10:00
452710,2024-12-03 10:00
846,2024-12-03 10:00
452292,2024-12-03 10:00
449526,2024-12-03 10:00
452774,2024-12-03 10:00
447251,2024-12-03 10:00
443807,2024-12-03 10:00
453673,2024-12-03 10:00
454389,2024-12-03 10:00
453639,2024-12-03 10:00
453611,2024-12-03 10:00
445408,2024-12-03 10:00
454170,2024-12-03 10:00
27661,2024-12-03 10:00
452497,2024-12-03 10:00
452181,2024-12-03 10:00
446099,2024-12-03 10:00
185347,2024-12-03 10:00
452793,2024-12-03 10:00
442437,2024-12-03 10:00
454066,2024-12-03 10:00
452865,2024-12-03 10:00
452518,2024-12-03 10:00
451707,2024-12-03 10:00
449284,2024-12-03 10:00
443068,2024-12-03 10:00
453784,2024-12-03 10:00
454303,2024-12-03 10:00
455579,2024-12-03 10:00
451676,2024-12-03 10:00
453453,2024-12-03 10:00
441612,2024-12-03 10:00
452322,2024-12-03 10:00
454568,2024-12-03 10:00
451129,2024-12-03 10:00
446997,2024-12-03 10:00
451760,2024-12-03 10:00
451918,2024-12-03 10:00
454611,2024-12-03 10:00
448996,2024-12-03 10:00
449827,2024-12-03 10:00
453348,2024-12-03 10:00
443692,2024-12-03 10:00
446101,2024-12-03 10:00
450280,2024-12-03 10:00
451948,2024-12-03 10:00
73731,2024-12-03 10:00
452019,2024-12-03 10:00
455359,2024-12-03 10:00
444814,2024-12-03 10:00
452742,2024-12-03 10:00
447808,2024-12-03 10:00
1077,2024-12-03 10:00
450245,2024-12-03 10:00
455014,2024-12-03 10:00
450189,2024-12-03 10:00
447706,2024-12-03 10:00
448083,2024-12-03 10:00
453331,2024-12-03 10:00
448877,2024-12-03 10:00
881,2024-12-03 10:00
455696,2024-12-03 10:00
451885,2024-12-03 10:00
451927,2024-12-03 10:00
455013,2024-12-03 10:00
453869,2024-12-03 10:00
451546,2024-12-03 10:00
443472,2024-12-03 10:00
453561,2024-12-03 10:00
454640,2024-12-03 10:00
448446,2024-12-03 10:00
454272,2024-12-03 10:00
456068,2024-12-03 10:00
369,2024-12-03 10:00
454733,2024-12-03 10:00
454898,2024-12-03 10:00
718,2024-12-03 10:00
1603,2024-12-03 10:00
454024,2024-12-03 10:00
450211,2024-12-03 10:00
453735,2024-12-03 10:00
453224,2024-12-03 10:00
454016,2024-12-03 10:00
442331,2024-12-03 10:00
455564,2024-12-03 10:00
448930,2024-12-03 10:00
445131,2024-12-03 10:00
454636,2024-12-03 10:00
442860,2024-12-03 10:00
454452,2024-12-03 10:00
452978,2024-12-03 10:00
454521,2024-12-03 10:00
442990,2024-12-03 10:00
453602,2024-12-03 10:00
451068,2024-12-03 10:00
450934,2024-12-03 10:00
451982,2024-12-03 10:00
27637,2024-12-03 10:00
451049,2024-12-03 10:00
12219,2024-12-03 10:00
443606,2024-12-03 10:00
442138,2024-12-03 10:00
448237,2024-12-03 10:00
452404,2024-12-03 10:00
442558,2024-12-03 10:00
437259,2024-12-03 10:00
453063,2024-12-03 10:00
441763,2024-12-03 10:00
455557,2024-12-03 10:00
445650,2024-12-03 10:00
442732,2024-12-03 10:00
451751,2024-12-03 10:00
455577,2024-12-03 10:00
451662,2024-12-03 10:00
441794,2024-12-03 10:00
447411,2024-12-03 10:00
428073,2024-12-03 10:00
453516,2024-12-03 10:00
451076,2024-12-03 10:00
377,2024-12-03 10:00
453373,2024-12-03 10:00
31717,2024-12-03 10:00
451161,2024-12-03 10:00
1519,2024-12-03 10:00
29717,2024-12-03 10:00
452647,2024-12-03 10:00
37880,2024-12-03 10:00
442486,2024-12-03 10:00
455520,2024-12-03 10:00
438360,2024-12-03 10:00
453163,2024-12-03 10:00
445749,2024-12-03 10:00
453044,2024-12-03 10:00
450090,2024-12-03 10:00
441980,2024-12-03 10:00
441359,2024-12-03 10:00
443973,2024-12-03 10:00
443218,2024-12-03 10:00
452067,2024-12-03 10:00
452940,2024-12-03 10:00
452142,2024-12-03 10:00
434197,2024-12-03 10:00
44039,2024-12-03 10:00
454125,2024-12-03 10:00
451786,2024-12-03 10:00
444642,2024-12-03 10:00
453341,2024-12-03 10:00
450855,2024-12-03 10:00
441366,2024-12-03 10:00
445344,2024-12-03 10:00
454545,2024-12-03 10:00
454357,2024-12-03 10:00
451908,2024-12-03 10:00
451490,2024-12-03 10:00
452053,2024-12-03 10:00
316420,2024-12-03 10:00
442350,2024-12-03 10:00
447674,2024-12-03 10:00
442888,2024-12-03 10:00
448679,2024-12-03 10:00
451578,2024-12-03 10:00
443495,2024-12-03 10:00
451597,2024-12-03 10:00
452989,2024-12-03 10:00
448823,2024-12-03 10:00
444091,2024-12-03 10:00
449191,2024-12-03 10:00
451392,2024-12-03 10:00
451544,2024-12-03 10:00
455234,2024-12-03 10:00
449701,2024-12-03 10:00
449274,2024-12-03 10:00
443239,2024-12-03 10:00
447919,2024-12-03 10:00
453429,2024-12-03 10:00
444246,2024-12-03 10:00
441883,2024-12-03 10:00
450594,2024-12-03 10:00
31832,2024-12-03 10:00
449217,2024-12-03 10:00
31770,2024-12-03 10:00
455885,2024-12-03 10:00
442210,2024-12-03 10:00
455051,2024-12-03 10:00
448396,2024-12-03 10:00
444138,2024-12-03 10:00
32743,2024-12-03 10:00
450167,2024-12-03 10:00
437294,2024-12-03 10:00
430205,2024-12-03 10:00
449676,2024-12-03 10:00
451226,2024-12-03 10:00
454341,2024-12-03 10:00
453195,2024-12-03 10:00
448119,2024-12-03 10:00
454551,2024-12-03 10:00
453257,2024-12-03 10:00
442562,2024-12-03 10:00
450340,2024-12-03 10:00
451965,2024-12-03 10:00
446110,2024-12-03 10:00
453402,2024-12-03 10:00
453817,2024-12-03 10:00
452020,2024-12-03 10:00
452819,2024-12-03 10:00
682,2024-12-03 10:00
436247,2024-12-03 10:00
444174,2024-12-03 10:00
453914,2024-12-03 10:00
444181,2024-12-03 10:00
455426,2024-12-03 10:00
38906,2024-12-03 10:00
449531,2024-12-03 10:00
29738,2024-12-03 10:00
31836,2024-12-03 10:00
453746,2024-12-03 10:00
447318,2024-12-03 10:00
449755,2024-12-03 10:00
441964,2024-12-03 10:00
441815,2024-12-03 10:00
445239,2024-12-03 10:00
450412,2024-12-03 10:00
455157,2024-12-03 10:00
450309,2024-12-03 10:00
449001,2024-12-03 10:00
1437,2024-12-03 10:00
314,2024-12-03 10:00
29722,2024-12-03 10:00
451879,2024-12-03 10:00
454110,2024-12-03 10:00
453319,2024-12-03 10:00
454045,2024-12-03 10:00
452519,2024-12-03 10:00
451089,2024-12-03 10:00
455238,2024-12-03 10:00
450985,2024-12-03 10:00
1127,2024-12-03 10:00
433162,2024-12-03 10:00
455582,2024-12-03 10:00
451816,2024-12-03 10:00
452570,2024-12-03 10:00
448001,2024-12-03 10:00
452599,2024-12-03 10:00
450451,2024-12-03 10:00
453529,2024-12-03 10:00
446671,2024-12-03 10:00
442179,2024-12-03 10:00
453979,2024-12-03 10:00
455528,2024-12-03 10:00
445041,2024-12-03 10:00
453905,2024-12-03 10:00
450669,2024-12-03 10:00
449914,2024-12-03 10:00
91139,2024-12-03 10:00
243,2024-12-03 10:00
452223,2024-12-03 10:00
453665,2024-12-03 10:00
448511,2024-12-03 10:00
454456,2024-12-03 10:00
455219,2024-12-03 10:00
452391,2024-12-03 10:00
123907,2024-12-03 10:00
451531,2024-12-03 10:00
452256,2024-12-03 10:00
449200,2024-12-03 10:00
1643,2024-12-03 10:00
456043,2024-12-03 10:00
444219,2024-12-03 10:00
454263,2024-12-03 10:00
449776,2024-12-03 10:00
455141,2024-12-03 10:00
444291,2024-12-03 10:00
448971,2024-12-03 10:00
450227,2024-12-03 10:00
451303,2024-12-03 10:00
446725,2024-12-03 10:00
35826,2024-12-03 10:00
427019,2024-12-03 10:00
451640,2024-12-03 10:00
439313,2024-12-03 10:00
454108,2024-12-03 10:00
9138,2024-12-03 10:00
449898,2024-12-03 10:00
452723,2024-12-03 10:00
442782,2024-12-03 10:00
442078,2024-12-03 10:00
442394,2024-12-03 10:00
442755,2024-12-03 10:00
433181,2024-12-03 10:00
453254,2024-12-03 10:00
453259,2024-12-03 10:00
452485,2024-12-03 10:00
453915,2024-12-03 10:00
443125,2024-12-03 10:00
445488,2024-12-03 10:00
453323,2024-12-03 10:00
453717,2024-12-03 10:00
455408,2024-12-03 10:00
453910,2024-12-03 10:00
436284,2024-12-03 10:00
326659,2024-12-03 10:00
443328,2024-12-03 10:00
452482,2024-12-03 10:00
454809,2024-12-03 10:00
443307,2024-12-03 10:00
452234,2024-12-03 10:00
454458,2024-12-03 10:00
454480,2024-12-03 10:00
454626,2024-12-03 10:00
430212,2024-12-03 10:00
453047,2024-12-03 10:00
446630,2024-12-03 10:00
431150,2024-12-03 10:00
454119,2024-12-03 10:00
446218,2024-12-03 10:00
445955,2024-12-03 10:00
452899,2024-12-03 10:00
442820,2024-12-03 10:00
449159,2024-12-03 10:00
451612,2024-12-03 10:00
447172,2024-12-03 10:00
441400,2024-12-03 10:00
453068,2024-12-03 10:00
453455,2024-12-03 10:00
438484,2024-12-03 10:00
451746,2024-12-03 10:00
439328,2024-12-03 10:00
454747,2024-12-03 10:00
448913,2024-12-03 10:00
442808,2024-12-03 10:00
442894,2024-12-03 10:00
444325,2024-12-03 10:00
444370,2024-12-03 10:00
352259,2024-12-03 10:00
452889,2024-12-03 10:00
436288,2024-12-03 10:00
451762,2024-12-03 10:00
452425,2024-12-03 10:00
454455,2024-12-03 10:00
449770,2024-12-03 10:00
452717,2024-12-03 10:00
453432,2024-12-03 10:00
451046,2024-12-03 10:00
455561,2024-12-03 10:00
452528,2024-12-03 10:00
447191,2024-12-03 10:00
454074,2024-12-03 10:00
451571,2024-12-03 10:00
442039,2024-12-03 10:00
435212,2024-12-03 10:00
455230,2024-12-03 10:00
454522,2024-12-03 10:00
447690,2024-12-03 10:00
451567,2024-12-03 10:00
453832,2024-12-03 10:00
448271,2024-12-03 10:00
452373,2024-12-03 10:00
453151,2024-12-03 10:00
452244,2024-12-03 10:00
455461,2024-12-03 10:00
450774,2024-12-03 10:00
455550,2024-12-03 10:00
454810,2024-12-03 10:00
452069,2024-12-03 10:00
448945,2024-12-03 10:00
454180,2024-12-03 10:00
450906,2024-12-03 10:00
450826,2024-12-03 10:00
453125,2024-12-03 10:00
448681,2024-12-03 10:00
436244,2024-12-03 10:00
452096,2024-12-03 10:00
444382,2024-12-03 10:00
349187,2024-12-03 10:00
468,2024-12-03 10:00
448764,2024-12-03 10:00
455274,2024-12-03 10:00
455566,2024-12-03 10:00
449302,2024-12-03 10:00
452396,2024-12-03 10:00
452648,2024-12-03 10:00
453202,2024-12-03 10:00
441784,2024-12-03 10:00
454453,2024-12-03 10:00
453587,2024-12-03 10:00
446721,2024-12-03 10:00
450397,2024-12-03 10:00
452741,2024-12-03 10:00
452945,2024-12-03 10:00
446704,2024-12-03 10:00
452448,2024-12-03 10:00
454069,2024-12-03 10:00
450238,2024-12-03 10:00
455853,2024-12-03 10:00
450449,2024-12-03 10:00
443404,2024-12-03 10:00
453562,2024-12-03 10:00
452920,2024-12-03 10:00
441471,2024-12-03 10:00
455323,2024-12-03 10:00
453468,2024-12-03 10:00
451580,2024-12-03 10:00
453129,2024-12-03 10:00
426040,2024-12-03 10:00
451939,2024-12-03 10:00
446438,2024-12-03 10:00
438326,2024-12-03 10:00
232,2024-12-03 10:00
447490,2024-12-03 10:00
455298,2024-12-03 10:00
453435,2024-12-03 10:00
447040,2024-12-03 10:00
444087,2024-12-03 10:00
452565,2024-12-03 10:00
443963,2024-12-03 10:00
449028,2024-12-03 10:00
450024,2024-12-03 10:00
453573,2024-12-03 10:00
444230,2024-12-03 10:00
10177,2024-12-03 10:00
447113,2024-12-03 10:00
430095,2024-12-03 10:00
443433,2024-12-03 10:00
141315,2024-12-03 10:00
448474,2024-12-03 10:00
450283,2024-12-03 10:00
455174,2024-12-03 10:00
450921,2024-12-03 10:00
450191,2024-12-03 10:00
384003,2024-12-03 10:00
446693,2024-12-03 10:00
447078,2024-12-03 10:00
438285,2024-12-03 10:00
448066,2024-12-03 10:00
453077,2024-12-03 10:00
447894,2024-12-03 10:00
447788,2024-12-03 10:00
444503,2024-12-03 10:00
444699,2024-12-03 10:00
447597,2024-12-03 10:00
447544,2024-12-03 10:00
445439,2024-12-03 10:00
442987,2024-12-03 10:00
447249,2024-12-03 10:00
451032,2024-12-03 10:00
452185,2024-12-03 10:00
454324,2024-12-03 10:00
453043,2024-12-03 10:00
449887,2024-12-03 10:00
446787,2024-12-03 10:00
452105,2024-12-03 10:00
452620,2024-12-03 10:00
452556,2024-12-03 10:00
455333,2024-12-03 10:00
455679,2024-12-03 10:00
444931,2024-12-03 10:00
448159,2024-12-03 10:00
11194,2024-12-03 10:00
1028,2024-12-03 10:00
451026,2024-12-03 10:00
454003,2024-12-03 10:00
452341,2024-12-03 10:00
443362,2024-12-03 10:00
438296,2024-12-03 10:00
449446,2024-12-03 10:00
453106,2024-12-03 10:00
453923,2024-12-03 10:00
453830,2024-12-03 10:00
454373,2024-12-03 10:00
454325,2024-12-03 10:00
452007,2024-12-03 10:00
452453,2024-12-03 10:00
427070,2024-12-03 10:00
447057,2024-12-03 10:00
444895,2024-12-03 10:00
454735,2024-12-03 10:00
454808,2024-12-03 10:00
441382,2024-12-03 10:00
447238,2024-12-03 10:00
442892,2024-12-03 10:00
443167,2024-12-03 10:00
451416,2024-12-03 10:00
454294,2024-12-03 10:00
452178,2024-12-03 10:00
378883,2024-12-03 10:00
454787,2024-12-03 10:00
444721,2024-12-03 10:00
446615,2024-12-03 10:00
451590,2024-12-03 10:00
455719,2024-12-03 10:00
453521,2024-12-03 10:00
451417,2024-12-03 10:00
453238,2024-12-03 10:00
451591,2024-12-03 10:00
455674,2024-12-03 10:00
453514,2024-12-03 10:00
450363,2024-12-03 10:00
438495,2024-12-03 10:00
448935,2024-12-03 10:00
453036,2024-12-03 10:00
44024,2024-12-03 10:00
449843,2024-12-03 10:00
344068,2024-12-03 10:00
450949,2024-12-03 10:00
1059,2024-12-03 10:00
445606,2024-12-03 10:00
443506,2024-12-03 10:00
441530,2024-12-03 10:00
454029,2024-12-03 10:00
450688,2024-12-03 10:00
451696,2024-12-03 10:00
452768,2024-12-03 10:00
454847,2024-12-03 10:00
454065,2024-12-03 10:00
446241,2024-12-03 10:00
454835,2024-12-03 10:00
449840,2024-12-03 10:00
452016,2024-12-03 10:00
455606,2024-12-03 10:00
451415,2024-12-03 10:00
455486,2024-12-03 10:00
446842,2024-12-03 10:00
729,2024-12-03 10:00
450695,2024-12-03 10:00
451750,2024-12-03 10:00
452231,2024-12-03 10:00
444990,2024-12-03 10:00
450446,2024-12-03 10:00
444995,2024-12-03 10:00
452772,2024-12-03 10:00
450776,2024-12-03 10:00
446627,2024-12-03 10:00
452136,2024-12-03 10:00
454848,2024-12-03 10:00
451856,2024-12-03 10:00
450706,2024-12-03 10:00
446895,2024-12-03 10:00
450804,2024-12-03 10:00
443236,2024-12-03 10:00
449407,2024-12-03 10:00
452459,2024-12-03 10:00
448526,2024-12-03 10:00
454036,2024-12-03 10:00
445065,2024-12-03 10:00
11189,2024-12-03 10:00
443434,2024-12-03 10:00
447621,2024-12-03 10:00
453117,2024-12-03 10:00
443643,2024-12-03 10:00
453349,2024-12-03 10:00
441568,2024-12-03 10:00
442430,2024-12-03 10:00
441869,2024-12-03 10:00
451432,2024-12-03 10:00
438456,2024-12-03 10:00
433178,2024-12-03 10:00
455748,2024-12-03 10:00
12215,2024-12-03 10:00
447806,2024-12-03 10:00
445291,2024-12-03 10:00
444754,2024-12-03 10:00
444339,2024-12-03 10:00
453160,2024-12-03 10:00
454745,2024-12-03 10:00
444256,2024-12-03 10:00
454705,2024-12-03 10:00
443767,2024-12-03 10:00
454648,2024-12-03 10:00
446275,2024-12-03 10:00
442539,2024-12-03 10:00
448651,2024-12-03 10:00
448260,2024-12-03 10:00
453945,2024-12-03 10:00
437266,2024-12-03 10:00
442294,2024-12-03 10:00
453694,2024-12-03 10:00
452871,2024-12-03 10:00
1929,2024-12-03 10:00
1842,2024-12-03 10:00
570,2024-12-03 10:00
430121,2024-12-03 10:00
452739,2024-12-03 10:00
431145,2024-12-03 10:00
445403,2024-12-03 10:00
454121,2024-12-03 10:00
453219,2024-12-03 10:00
441774,2024-12-03 10:00
450015,2024-12-03 10:00
240,2024-12-03 10:00
454954,2024-12-03 10:00
449447,2024-12-03 10:00
442852,2024-12-03 10:00
454856,2024-12-03 10:00
448126,2024-12-03 10:00
457,2024-12-03 10:00
454786,2024-12-03 10:00
443442,2024-12-03 10:00
455701,2024-12-03 10:00
347139,2024-12-03 10:00
446106,2024-12-03 10:00
453650,2024-12-03 10:00
452257,2024-12-03 10:00
451057,2024-12-03 10:00
455422,2024-12-03 10:00
453737,2024-12-03 10:00
442319,2024-12-03 10:00
438514,2024-12-03 10:00
452951,2024-12-03 10:00
446347,2024-12-03 10:00
277507,2024-12-03 10:00
451563,2024-12-03 10:00
446223,2024-12-03 10:00
454050,2024-12-03 10:00
451661,2024-12-03 10:00
454088,2024-12-03 10:00
454255,2024-12-03 10:00
455517,2024-12-03 10:00
451302,2024-12-03 10:00
449337,2024-12-03 10:00
448709,2024-12-03 10:00
444776,2024-12-03 10:00
447829,2024-12-03 10:00
451458,2024-12-03 10:00
449490,2024-12-03 10:00
448593,2024-12-03 10:00
453866,2024-12-03 10:00
454644,2024-12-03 10:00
455699,2024-12-03 10:00
441965,2024-12-03 10:00
452855,2024-12-03 10:00
450960,2024-12-03 10:00
449261,2024-12-03 10:00
449872,2024-12-03 10:00
451851,2024-12-03 10:00
449623,2024-12-03 10:00
29761,2024-12-03 10:00
452908,2024-12-03 10:00
452526,2024-12-03 10:00
450371,2024-12-03 10:00
445393,2024-12-03 10:00
452847,2024-12-03 10:00
452325,2024-12-03 10:00
452233,2024-12-03 10:00
454610,2024-12-03 10:00
452221,2024-12-03 10:00
454742,2024-12-03 10:00
453012,2024-12-03 10:00
443749,2024-12-03 10:00
453941,2024-12-03 10:00
430103,2024-12-03 10:00
442972,2024-12-03 10:00
13,2024-12-03 10:00
447183,2024-12-03 10:00
452186,2024-12-03 10:00
434188,2024-12-03 10:00
34800,2024-12-03 10:00
454141,2024-12-03 10:00
455143,2024-12-03 10:00
453500,2024-12-03 10:00
455057,2024-12-03 10:00
453539,2024-12-03 10:00
452902,2024-12-03 10:00
452352,2024-12-03 10:00
446458,2024-12-03 10:00
455924,2024-12-03 10:00
441542,2024-12-03 10:00
443336,2024-12-03 10:00
454328,2024-12-03 10:00
452964,2024-12-03 10:00
8124,2024-12-03 10:00
453995,2024-12-03 10:00
451624,2024-12-03 10:00
452299,2024-12-03 10:00
451996,2024-12-03 10:00
452693,2024-12-03 10:00
451936,2024-12-03 10:00
453271,2024-12-03 10:00
452630,2024-12-03 10:00
450322,2024-12-03 10:00
453413,2024-12-03 10:00
448524,2024-12-03 10:00
445262,2024-12-03 10:00
452918,2024-12-03 10:00
934,2024-12-03 10:00
453388,2024-12-03 10:00
452351,2024-12-03 10:00
432158,2024-12-03 10:00
441730,2024-12-03 10:00
451269,2024-12-03 10:00
862,2024-12-03 10:00
453943,2024-12-03 10:00
451497,2024-12-03 10:00
438465,2024-12-03 10:00
455859,2024-12-03 10:00
453582,2024-12-03 10:00
445762,2024-12-03 10:00
452239,2024-12-03 10:00
451085,2024-12-03 10:00
452551,2024-12-03 10:00
448632,2024-12-03 10:00
455492,2024-12-03 10:00
40947,2024-12-03 10:00
445857,2024-12-03 10:00
441979,2024-12-03 10:00
452159,2024-12-03 10:00
455636,2024-12-03 10:00
455385,2024-12-03 10:00
452432,2024-12-03 10:00
453143,2024-12-03 10:00
453476,2024-12-03 10:00
450897,2024-12-03 10:00
455218,2024-12-03 10:00
447969,2024-12-03 10:00
290819,2024-12-03 10:00
447802,2024-12-03 10:00
454993,2024-12-03 10:00
443267,2024-12-03 10:00
443512,2024-12-03 10:00
449708,2024-12-03 10:00
451749,2024-12-03 10:00
441729,2024-12-03 10:00
438458,2024-12-03 10:00
453877,2024-12-03 10:00
451758,2024-12-03 10:00
443601,2024-12-03 10:00
453870,2024-12-03 10:00
451051,2024-12-03 10:00
453512,2024-12-03 10:00
447141,2024-12-03 10:00
442809,2024-12-03 10:00
447138,2024-12-03 10:00
453475,2024-12-03 10:00
455326,2024-12-03 10:00
454987,2024-12-03 10:00
450005,2024-12-03 10:00
351235,2024-12-03 10:00
443087,2024-12-03 10:00
448624,2024-12-03 10:00
450099,2024-12-03 10:00
434193,2024-12-03 10:00
451136,2024-12-03 10:00
446136,2024-12-03 10:00
442849,2024-12-03 10:00
451333,2024-12-03 10:00
452086,2024-12-03 10:00
454320,2024-12-03 10:00
448891,2024-12-03 10:00
451967,2024-12-03 10:00
452294,2024-12-03 10:00
451974,2024-12-03 10:00
444021,2024-12-03 10:00
447359,2024-12-03 10:00
454470,2024-12-03 10:00
453037,2024-12-03 10:00
454608,2024-12-03 10:00
452596,2024-12-03 10:00
438479,2024-12-03 10:00
445208,2024-12-03 10:00
438331,2024-12-03 10:00
104451,2024-12-03 10:00
1864,2024-12-03 10:00
39920,2024-12-03 10:00
449537,2024-12-03 10:00
26595,2024-12-03 10:00
441515,2024-12-03 10:00
452946,2024-12-03 10:00
453156,2024-12-03 10:00
441438,2024-12-03 10:00
198659,2024-12-03 10:00
443134,2024-12-03 10:00
454533,2024-12-03 10:00
455107,2024-12-03 10:00
444746,2024-12-03 10:00
454753,2024-12-03 10:00
454951,2024-12-03 10:00
443253,2024-12-03 10:00
453040,2024-12-03 10:00
454970,2024-12-03 10:00
451611,2024-12-03 10:00
445882,2024-12-03 10:00
42,2024-12-03 10:00
31758,2024-12-03 10:00
448501,2024-12-03 10:00
450306,2024-12-03 10:00
452975,2024-12-03 10:00
452776,2024-12-03 10:00
453076,2024-12-03 10:00
443728,2024-12-03 10:00
450681,2024-12-03 10:00
452915,2024-12-03 10:00
454944,2024-12-03 10:00
452359,2024-12-03 10:00
444007,2024-12-03 10:00
443247,2024-12-03 10:00
446408,2024-12-03 10:00
454972,2024-12-03 10:00
443957,2024-12-03 10:00
443251,2024-12-03 10:00
455496,2024-12-03 10:00
441753,2024-12-03 10:00
448216,2024-12-03 10:00
453329,2024-12-03 10:00
444747,2024-12-03 10:00
453558,2024-12-03 10:00
444764,2024-12-03 10:00
445965,2024-12-03 10:00
454310,2024-12-03 10:00
443968,2024-12-03 10:00
453107,2024-12-03 10:00
453763,2024-12-03 10:00
453153,2024-12-03 10:00
1197,2024-12-03 10:00
450203,2024-12-03 10:00
450269,2024-12-03 10:00
452797,2024-12-03 10:00
454941,2024-12-03 10:00
445758,2024-12-03 10:00
452767,2024-12-03 10:00
455077,2024-12-03 10:00
453674,2024-12-03 10:00
455438,2024-12-03 10:00
444586,2024-12-03 10:00
452623,2024-12-03 10:00
8121,2024-12-03 10:00
454102,2024-12-03 10:00
445778,2024-12-03 10:00
93188,2024-12-03 10:00
436290,2024-12-03 10:00
441461,2024-12-03 10:00
452467,2024-12-03 10:00
453120,2024-12-03 10:00
452282,2024-12-03 10:00
442946,2024-12-03 10:00
449923,2024-12-03 10:00
430123,2024-12-03 10:00
442910,2024-12-03 10:00
454868,2024-12-03 10:00
456096,2024-12-03 10:00
454830,2024-12-03 10:00
451071,2024-12-03 10:00
452703,2024-12-03 10:00
454638,2024-12-03 10:00
453868,2024-12-03 10:00
452846,2024-12-03 10:00
445008,2024-12-03 10:00
10172,2024-12-03 10:00
452008,2024-12-03 10:00
445966,2024-12-03 10:00
436234,2024-12-03 10:00
453560,2024-12-03 10:00
443322,2024-12-03 10:00
452021,2024-12-03 10:00
452369,2024-12-03 10:00
33769,2024-12-03 10:00
451916,2024-12-03 10:00
447987,2024-12-03 10:00
438488,2024-12-03 10:00
431220,2024-12-03 10:00
34801,2024-12-03 10:00
20431,2024-12-03 10:00
454556,2024-12-03 10:00
441402,2024-12-03 10:00
444716,2024-12-03 10:00
452607,2024-12-03 10:00
453460,2024-12-03 10:00
455665,2024-12-03 10:00
443289,2024-12-03 10:00
452297,2024-12-03 10:00
451379,2024-12-03 10:00
454361,2024-12-03 10:00
446120,2024-12-03 10:00
443175,2024-12-03 10:00
455824,2024-12-03 10:00
1445,2024-12-03 10:00
450179,2024-12-03 10:00
445334,2024-12-03 10:00
451646,2024-12-03 10:00
437263,2024-12-03 10:00
449265,2024-12-03 10:00
453305,2024-12-03 10:00
444852,2024-12-03 10:00
454827,2024-12-03 10:00
451872,2024-12-03 10:00
452691,2024-12-03 10:00
452004,2024-12-03 10:00
450312,2024-12-03 10:00
453793,2024-12-03 10:00
450112,2024-12-03 10:00
488,2024-12-03 10:00
454306,2024-12-03 10:00
447936,2024-12-03 10:00
452126,2024-12-03 10:00
453901,2024-12-03 10:00
453408,2024-12-03 10:00
455510,2024-12-03 10:00
451411,2024-12-03 10:00
314371,2024-12-03 10:00
443770,2024-12-03 10:00
453079,2024-12-03 10:00
452104,2024-12-03 10:00
445739,2024-12-03 10:00
452481,2024-12-03 10:00
453369,2024-12-03 10:00
451893,2024-12-03 10:00
449196,2024-12-03 10:00
452904,2024-12-03 10:00
445156,2024-12-03 10:00
433169,2024-12-03 10:00
453726,2024-12-03 10:00
1100,2024-12-03 10:00
451859,2024-12-03 10:00
450105,2024-12-03 10:00
451521,2024-12-03 10:00
454211,2024-12-03 10:00
448406,2024-12-03 10:00
454176,2024-12-03 10:00
446022,2024-12-03 10:00
452601,2024-12-03 10:00
445568,2024-12-03 10:00
453769,2024-12-03 10:00
446390,2024-12-03 10:00
445451,2024-12-03 10:00
449581,2024-12-03 10:00
443320,2024-12-03 10:00
452030,2024-12-03 10:00
443534,2024-12-03 10:00
441697,2024-12-03 10:00
452227,2024-12-03 10:00
447579,2024-12-03 10:00
453260,2024-12-03 10:00
453852,2024-12-03 10:00
453372,2024-12-03 10:00
451121,2024-12-03 10:00
447391,2024-12-03 10:00
452089,2024-12-03 10:00
446711,2024-12-03 10:00
24550,2024-12-03 10:00
448088,2024-12-03 10:00
452533,2024-12-03 10:00
31736,2024-12-03 10:00
454772,2024-12-03 10:00
455602,2024-12-03 10:00
447226,2024-12-03 10:00
442663,2024-12-03 10:00
808,2024-12-03 10:00
444937,2024-12-03 10:00
453005,2024-12-03 10:00
27639,2024-12-03 10:00
433184,2024-12-03 10:00
448335,2024-12-03 10:00
452665,2024-12-03 10:00
144387,2024-12-03 10:00
427107,2024-12-03 10:00
442129,2024-12-03 10:00
443900,2024-12-03 10:00
445047,2024-12-03 10:00
9139,2024-12-03 10:00
14256,2024-12-03 10:00
443940,2024-12-03 10:00
454330,2024-12-03 10:00
450275,2024-12-03 10:00
437271,2024-12-03 10:00
454681,2024-12-03 10:00
451779,2024-12-03 10:00
448301,2024-12-03 10:00
430204,2024-12-03 10:00
880,2024-12-03 10:00
436266,2024-12-03 10:00
455276,2024-12-03 10:00
452300,2024-12-03 10:00
442248,2024-12-03 10:00
454883,2024-12-03 10:00
459,2024-12-03 10:00
453570,2024-12-03 10:00
450937,2024-12-03 10:00
447711,2024-12-03 10:00
453242,2024-12-03 10:00
447856,2024-12-03 10:00
20453,2024-12-03 10:00
452001,2024-12-03 10:00
455600,2024-12-03 10:00
438371,2024-12-03 10:00
454218,2024-12-03 10:00
454156,2024-12-03 10:00
452285,2024-12-03 10:00
454086,2024-12-03 10:00
454969,2024-12-03 10:00
452917,2024-12-03 10:00
455081,2024-12-03 10:00
443210,2024-12-03 10:00
428051,2024-12-03 10:00
453645,2024-12-03 10:00
447501,2024-12-03 10:00
431206,2024-12-03 10:00
451177,2024-12-03 10:00
450435,2024-12-03 10:00
452426,2024-12-03 10:00
452800,2024-12-03 10:00
445005,2024-12-03 10:00
442477,2024-12-03 10:00
431194,2024-12-03 10:00
510,2024-12-03 10:00
450102,2024-12-03 10:00
450441,2024-12-03 10:00
450370,2024-12-03 10:00
1476,2024-12-03 10:00
454160,2024-12-03 10:00
450168,2024-12-03 10:00
543,2024-12-03 10:00
451835,2024-12-03 10:00
41989,2024-12-03 10:00
454723,2024-12-03 10:00
453890,2024-12-03 10:00
454073,2024-12-03 10:00
442440,2024-12-03 10:00
448486,2024-12-03 10:00
443145,2024-12-03 10:00
441943,2024-12-03 10:00
446934,2024-12-03 10:00
451371,2024-12-03 10:00
447454,2024-12-03 10:00
449026,2024-12-03 10:00
455187,2024-12-03 10:00
441659,2024-12-03 10:00
446927,2024-12-03 10:00
451105,2024-12-03 10:00
451959,2024-12-03 10:00
450925,2024-12-03 10:00
454585,2024-12-03 10:00
758,2024-12-03 10:00
92,2024-12-03 10:00
445786,2024-12-03 10:00
447217,2024-12-03 10:00
453389,2024-12-03 10:00
426005,2024-12-03 10:00
449851,2024-12-03 10:00
447552,2024-12-03 10:00
454177,2024-12-03 10:00
449984,2024-12-03 10:00
453647,2024-12-03 10:00
454099,2024-12-03 10:00
444499,2024-12-03 10:00
9170,2024-12-03 10:00
453522,2024-12-03 10:00
34809,2024-12-03 10:00
454062,2024-12-03 10:00
448839,2024-12-03 10:00
447085,2024-12-03 10:00
451111,2024-12-03 10:00
145411,2024-12-03 10:00
451395,2024-12-03 10:00
444579,2024-12-03 10:00
354,2024-12-03 10:00
452145,2024-12-03 10:00
446757,2024-12-03 10:00
453275,2024-12-03 10:00
454092,2024-12-03 10:00
446483,2024-12-03 10:00
371715,2024-12-03 10:00
447423,2024-12-03 10:00
453873,2024-12-03 10:00
443838,2024-12-03 10:00
453434,2024-12-03 10:00
443169,2024-12-03 10:00
445382,2024-12-03 10:00
452694,2024-12-03 10:00
430213,2024-12-03 10:00
451337,2024-12-03 10:00
448459,2024-12-03 10:00
450748,2024-12-03 10:00
451369,2024-12-03 10:00
449599,2024-12-03 10:00
451631,2024-12-03 10:00
452677,2024-12-03 10:00
452171,2024-12-03 10:00
453700,2024-12-03 10:00
452451,2024-12-03 10:00
454305,2024-12-03 10:00
453773,2024-12-03 10:00
451557,2024-12-03 10:00
449467,2024-12-03 10:00
445203,2024-12-03 10:00
152579,2024-12-03 10:00
453016,2024-12-03 10:00
451775,2024-12-03 10:00
453635,2024-12-03 10:00
442515,2024-12-03 10:00
452443,2024-12-03 10:00
446514,2024-12-03 10:00
455586,2024-12-03 10:00
444211,2024-12-03 10:00
450875,2024-12-03 10:00
448078,2024-12-03 10:00
445689,2024-12-03 10:00
453059,2024-12-03 10:00
447080,2024-12-03 10:00
452031,2024-12-03 10:00
1350,2024-12-03 10:00
451933,2024-12-03 10:00
452207,2024-12-03 10:00
442791,2024-12-03 10:00
454446,2024-12-03 10:00
448067,2024-12-03 10:00
452594,2024-12-03 10:00
453508,2024-12-03 10:00
41981,2024-12-03 10:00
450791,2024-12-03 10:00
447174,2024-12-03 10:00
444972,2024-12-03 10:00
447726,2024-12-03 10:00
443437,2024-12-03 10:00
442739,2024-12-03 10:00
27648,2024-12-03 10:00
39922,2024-12-03 10:00
442206,2024-12-03 10:00
446097,2024-12-03 10:00
445947,2024-12-03 10:00
450425,2024-12-03 10:00
451894,2024-12-03 10:00
29726,2024-12-03 10:00
453531,2024-12-03 10:00
446890,2024-12-03 10:00
449449,2024-12-03 10:00
454206,2024-12-03 10:00
446545,2024-12-03 10:00
453704,2024-12-03 10:00
1053,2024-12-03 10:00
449826,2024-12-03 10:00
194563,2024-12-03 10:00
454355,2024-12-03 10:00
452489,2024-12-03 10:00
455101,2024-12-03 10:00
444799,2024-12-03 10:00
453543,2024-12-03 10:00
453672,2024-12-03 10:00
450373,2024-12-03 10:00
431228,2024-12-03 10:00
455417,2024-12-03 10:00
450346,2024-12-03 10:00
454089,2024-12-03 10:00
452638,2024-12-03 10:00
451562,2024-12-03 10:00
454901,2024-12-03 10:00
44033,2024-12-03 10:00
449361,2024-12-03 10:00
454534,2024-12-03 10:00
443578,2024-12-03 10:00
1206,2024-12-03 10:00
451086,2024-12-03 10:00
453844,2024-12-03 10:00
438289,2024-12-03 10:00
449257,2024-12-03 10:00
445811,2024-12-03 10:00
455087,2024-12-03 10:00
453114,2024-12-03 10:00
452919,2024-12-03 10:00
449004,2024-12-03 10:00
453549,2024-12-03 10:00
451393,2024-12-03 10:00
450634,2024-12-03 10:00
451654,2024-12-03 10:00
443036,2024-12-03 10:00
455338,2024-12-03 10:00
442475,2024-12-03 10:00
454322,2024-12-03 10:00
443504,2024-12-03 10:00
454802,2024-12-03 10:00
443110,2024-12-03 10:00
442593,2024-12-03 10:00
447203,2024-12-03 10:00
455254,2024-12-03 10:00
449515,2024-12-03 10:00
444637,2024-12-03 10:00
62,2024-12-03 10:00
454311,2024-12-03 10:00
446815,2024-12-03 10:00
431212,2024-12-03 10:00
450943,2024-12-03 10:00
445054,2024-12-03 10:00
455533,2024-12-03 10:00
442630,2024-12-03 10:00
454518,2024-12-03 10:00
448016,2024-12-03 10:00
450243,2024-12-03 10:00
451149,2024-12-03 10:00
455196,2024-12-03 10:00
128004,2024-12-03 10:00
443998,2024-12-03 10:00
444409,2024-12-03 10:00
305155,2024-12-03 10:00
388102,2024-12-03 10:00
294915,2024-12-03 10:00
454602,2024-12-03 10:00
452796,2024-12-03 10:00
452970,2024-12-03 10:00
444270,2024-12-03 10:00
454923,2024-12-03 10:00
448312,2024-12-03 10:00
452420,2024-12-03 10:00
454878,2024-12-03 10:00
39,2024-12-03 10:00
453983,2024-12-03 10:00
441467,2024-12-03 10:00
454980,2024-12-03 10:00
448741,2024-12-03 10:00
452253,2024-12-03 10:00
454384,2024-12-03 10:00
453678,2024-12-03 10:00
554,2024-12-03 10:00
444293,2024-12-03 10:00
442651,2024-12-03 10:00
454034,2024-12-03 10:00
38928,2024-12-03 10:00
446285,2024-12-03 10:00
450065,2024-12-03 10:00
452501,2024-12-03 10:00
